{
    "name": "Muircosmos",
    "vendorId": "0x444D",
    "productId": "0x3636",
    "matrix": {
      "rows": 11,
      "cols": 7
    },
    "layouts": {
      "keymap": [
        [
          {
            "x": 3.33
          },
          "0,3",
          {
            "x": 11.17
          },
          "6,3"
        ],
        [
          {
            "y": -0.8500000000000001,
            "x": 16.63
          },
          "6,2"
        ],
        [
          {
            "y": -0.9999999999999999,
            "x": 2.2
          },
          "0,2"
        ],
        [
          {
            "y": -0.99,
            "x": 4.33
          },
          "0,4",
          {
            "x": 0.03000000000000025
          },
          "0,5",
          {
            "x": 7.12
          },
          "6,5",
          {
            "x": 0.019999999999999574
          },
          "6,4"
        ],
        [
          {
            "y": -0.33000000000000007,
            "x": 0.01
          },
          "0,0",
          {
            "x": 0.07000000000000006
          },
          "0,1",
          {
            "x": 15.67
          },
          "6,1",
          {
            "x": 0.0799999999999983
          },
          "6,0"
        ],
        [
          {
            "y": -0.78,
            "x": 3.44
          },
          "1,3",
          {
            "x": 10.95
          },
          "7,3"
        ],
        [
          {
            "y": -0.8500000000000001,
            "x": 2.27
          },
          "1,2",
          {
            "x": 13.29
          },
          "7,2"
        ],
        [
          {
            "y": -0.99,
            "x": 14.35
          },
          "7,4"
        ],
        [
          {
            "y": -1,
            "x": 4.48
          },
          "1,4"
        ],
        [
          {
            "y": -0.9900000000000002,
            "x": 13.29
          },
          "7,5"
        ],
        [
          {
            "y": -0.9999999999999998,
            "x": 5.54
          },
          "1,5"
        ],
        [
          {
            "y": -0.33000000000000007
          },
          "1,0",
          {
            "x": 0.1100000000000001
          },
          "1,1",
          {
            "x": 15.61
          },
          "7,1",
          {
            "x": 0.10999999999999943
          },
          "7,0"
        ],
        [
          {
            "y": -0.7000000000000002,
            "x": 3.48
          },
          "2,3",
          {
            "x": 10.87
          },
          "8,3"
        ],
        [
          {
            "y": -0.8599999999999999,
            "x": 2.3
          },
          "2,2",
          {
            "x": 13.239999999999998
          },
          "8,2"
        ],
        [
          {
            "y": -0.9899999999999998,
            "x": 4.53
          },
          "2,4",
          {
            "x": 8.77
          },
          "8,4"
        ],
        [
          {
            "y": -0.9900000000000002,
            "x": 5.6
          },
          "2,5",
          {
            "x": 6.630000000000001
          },
          "8,5"
        ],
        [
          {
            "y": -0.33000000000000007
          },
          "2,0",
          {
            "x": 0.1299999999999999
          },
          "2,1",
          {
            "x": 15.580000000000002
          },
          "8,1",
          {
            "x": 0.120000000000001
          },
          "8,0"
        ],
        [
          {
            "y": -0.69,
            "x": 15.39
          },
          "9,3"
        ],
        [
          {
            "y": -1,
            "x": 3.44
          },
          "3,3"
        ],
        [
          {
            "y": -0.8599999999999999,
            "x": 16.56
          },
          "9,2"
        ],
        [
          {
            "y": -1,
            "x": 2.27
          },
          "3,2"
        ],
        [
          {
            "y": -0.9900000000000002,
            "x": 4.48
          },
          "3,4",
          {
            "x": 8.87
          },
          "9,4"
        ],
        [
          {
            "y": -0.9900000000000002,
            "x": 5.54
          },
          "3,5",
          {
            "x": 6.760000000000001
          },
          "9,5"
        ],
        [
          {
            "y": -0.33000000000000007
          },
          "3,0",
          {
            "x": 0.1100000000000001
          },
          "3,1",
          {
            "x": 15.61
          },
          "9,1",
          {
            "x": 0.10999999999999943
          },
          "9,0"
        ],
        [
          {
            "y": -0.7599999999999998,
            "x": 3.33
          },
          "4,1",
          {
            "x": 11.17
          },
          "10,1"
        ],
        [
          {
            "y": -0.8600000000000003,
            "x": 2.2
          },
          "4,0",
          {
            "x": 13.43
          },
          "10,0"
        ],
        [
          {
            "r": 1,
            "rx": 6.84,
            "ry": 0.67,
            "y": -0.5,
            "x": -0.5
          },
          "0,6"
        ],
        [
          {
            "rx": 7.06,
            "ry": 1.73,
            "y": -0.5,
            "x": -0.5
          },
          "1,6"
        ],
        [
          {
            "rx": 7.13,
            "ry": 2.86,
            "y": -0.5,
            "x": -0.5
          },
          "2,6"
        ],
        [
          {
            "r": 15,
            "rx": 0.5,
            "ry": 8.75,
            "y": -5,
            "x": 5.75
          },
          "4,4"
        ],
        [
          {
            "rx": 4.75,
            "ry": 6,
            "y": -1.25
          },
          "4,2"
        ],
        [
          {
            "ry": 8.25,
            "y": -3.5,
            "x": 0.5
          },
          "4,3"
        ],
        [
          {
            "rx": 5.25,
            "ry": 4.25,
            "y": 1.75
          },
          "5,0"
        ],
        [
          {
            "rx": 9,
            "ry": 9.25,
            "y": -2,
            "x": -3.75
          },
          "5,1"
        ],
        [
          {
            "rx": 14,
            "ry": 0,
            "y": 8.25,
            "x": -5
          },
          "5,2"
        ],
        [
          {
            "r": 73,
            "rx": 14.39,
            "ry": 5.25,
            "y": -0.5,
            "x": -0.5
          },
          "10,2"
        ],
        [
          {
            "r": 123,
            "rx": 14.31,
            "ry": 6.93,
            "y": -0.5,
            "x": -0.5
          },
          "10,3"
        ],
        [
          {
            "r": 175,
            "rx": 12.86,
            "ry": 7.8,
            "y": -0.5,
            "x": -0.5
          },
          "10,4"
        ],
        [
          {
            "r": -136,
            "rx": 11.21,
            "ry": 7.2,
            "y": -0.5,
            "x": -0.5
          },
          "10,5"
        ],
        [
          {
            "r": -1,
            "rx": 12.7,
            "ry": 2.86,
            "y": -0.5,
            "x": -0.5
          },
          "8,6"
        ],
        [
          {
            "rx": 12.78,
            "ry": 1.73,
            "y": -0.5,
            "x": -0.5
          },
          "7,6"
        ],
        [
          {
            "rx": 12.99,
            "ry": 0.67,
            "y": -0.5,
            "x": -0.5
          },
          "6,6"
        ]
      ]
    }
  }